-- Insert Users
insert into Users (UserID, Username, FirstName, LastName, DateOfBirth, Password, DateAdded) values (1, 'vhammerich0', 'Valerye', 'Hammerich', '2003-10-18 09:53:01', 'mJ9&W9\(', '2024-06-22 13:59:37');
insert into Users (UserID, Username, FirstName, LastName, DateOfBirth, Password, DateAdded) values (2, 'nblankley1', 'Nicol', 'Blankley', '2000-02-15 23:43:17', 'oW5\/DQiCNaqO', '2024-07-17 06:59:35');
insert into Users (UserID, Username, FirstName, LastName, DateOfBirth, Password, DateAdded) values (3, 'mgobbet2', 'Marmaduke', 'Gobbet', '2004-11-06 10:05:25', 'lW9=#/1T', '2024-06-08 09:40:11');
insert into Users (UserID, Username, FirstName, LastName, DateOfBirth, Password, DateAdded) values (4, 'gdanielczyk3', 'Guillaume', 'Danielczyk', '2000-02-16 06:07:08', 'cV0.Plc+nU~h~">e', '2024-05-06 15:42:30');
insert into Users (UserID, Username, FirstName, LastName, DateOfBirth, Password, DateAdded) values (5, 'ascreeton4', 'Arda', 'Screeton', '2000-05-23 04:11:47', 'sV7<{@E*T{~ZX_', '2024-04-08 21:02:05');
insert into Users (UserID, Username, FirstName, LastName, DateOfBirth, Password, DateAdded) values (6, 'twhalley5', 'Thurstan', 'Whalley', '2003-01-12 01:58:41', 'lY0*w''UXqCkK`', '2024-05-10 16:59:48');
insert into Users (UserID, Username, FirstName, LastName, DateOfBirth, Password, DateAdded) values (7, 'uhuertas6', 'Ursulina', 'Huertas', '2004-07-22 02:55:27', 'cB9=J$,V/', '2024-01-22 03:20:09');
insert into Users (UserID, Username, FirstName, LastName, DateOfBirth, Password, DateAdded) values (8, 'scaddell7', 'Selig', 'Caddell', '2001-06-28 01:00:02', 'bQ9`@X=h&">', '2024-01-30 18:29:15');
insert into Users (UserID, Username, FirstName, LastName, DateOfBirth, Password, DateAdded) values (9, 'pevered8', 'Packston', 'Evered', '2000-02-28 09:24:51', 'fG8*Oj{~|0', '2024-08-19 19:51:50');
insert into Users (UserID, Username, FirstName, LastName, DateOfBirth, Password, DateAdded) values (10, 'mcowburn9', 'Marcia', 'Cowburn', '2002-12-14 05:48:35', 'jM6.OHbV>2.', '2023-10-04 19:16:13');
insert into Users (UserID, Username, FirstName, LastName, DateOfBirth, Password, DateAdded) values (11, 'jthompsona', 'Jorgan', 'Thompson', '2003-11-11 11:16:28', 'oL8)3(31<|JIq)', '2024-04-05 11:33:27');
insert into Users (UserID, Username, FirstName, LastName, DateOfBirth, Password, DateAdded) values (12, 'ekhanb', 'Ellis', 'Khan', '2001-10-09 09:37:28', 'kZ8!@{d8>qa', '2024-03-29 23:03:47');
insert into Users (UserID, Username, FirstName, LastName, DateOfBirth, Password, DateAdded) values (13, 'tcodac', 'Terry', 'Coda', '2000-10-02 22:19:45', 'nH9<!+3AOR', '2023-11-02 01:41:52');
insert into Users (UserID, Username, FirstName, LastName, DateOfBirth, Password, DateAdded) values (14, 'nkollachd', 'Nevsa', 'Kollach', '2002-03-14 21:53:25', 'mO3)eX@4N', '2024-06-30 11:49:23');
insert into Users (UserID, Username, FirstName, LastName, DateOfBirth, Password, DateAdded) values (15, 'gloveitte', 'Gilligan', 'Loveitt', '2001-05-15 00:32:29', 'oO9&"!D,Fu"Kt', '2023-10-31 15:12:21');
insert into Users (UserID, Username, FirstName, LastName, DateOfBirth, Password, DateAdded) values (16, 'gsouthwellf', 'Gayelord', 'Southwell', '2002-06-20 15:40:19', 'fG1\@wOLJHh,', '2024-01-18 21:46:49');
insert into Users (UserID, Username, FirstName, LastName, DateOfBirth, Password, DateAdded) values (17, 'mfernierg', 'Mina', 'Fernier', '2002-08-31 11:04:18', 'xH6>KCM4DuzL', '2024-04-15 09:21:40');
insert into Users (UserID, Username, FirstName, LastName, DateOfBirth, Password, DateAdded) values (18, 'nsabathierh', 'Nefen', 'Sabathier', '2000-11-13 22:34:04', 'wA0,v5U,ou80A5', '2024-01-01 19:33:04');
insert into Users (UserID, Username, FirstName, LastName, DateOfBirth, Password, DateAdded) values (19, 'idosdilli', 'Isa', 'Dosdill', '2004-06-13 03:55:24', 'xM2@`Y@1q/yq<0Z', '2024-08-17 03:56:25');
insert into Users (UserID, Username, FirstName, LastName, DateOfBirth, Password, DateAdded) values (20, 'cguerrieroj', 'Clerkclaude', 'Guerriero', '2004-04-17 05:54:04', 'xW6%Vef55', '2024-02-27 18:02:48');
insert into Users (UserID, Username, FirstName, LastName, DateOfBirth, Password, DateAdded) values (21, 'dlawdhamk', 'Dara', 'Lawdham', '2003-10-09 06:55:03', 'cG1>+twgcrVa', '2024-06-08 07:20:27');
insert into Users (UserID, Username, FirstName, LastName, DateOfBirth, Password, DateAdded) values (22, 'aschroederl', 'Aundrea', 'Schroeder', '2003-09-14 02:41:21', 'kB7%_pcS\#QGBb', '2024-03-13 16:34:20');
insert into Users (UserID, Username, FirstName, LastName, DateOfBirth, Password, DateAdded) values (23, 'hcotterillm', 'Haskel', 'Cotterill', '2000-07-01 13:18:44', 'bP5&kO*(qn7&', '2024-09-07 10:06:18');
insert into Users (UserID, Username, FirstName, LastName, DateOfBirth, Password, DateAdded) values (24, 'eserchwelln', 'Elinore', 'Serchwell', '2004-06-12 00:07:23', 'qU2$"K"o9@0xi', '2024-06-09 00:35:21');
insert into Users (UserID, Username, FirstName, LastName, DateOfBirth, Password, DateAdded) values (25, 'rlushero', 'Rea', 'Lusher', '2001-10-01 21:59:24', 'aD3=k$m7|9x', '2024-08-29 05:41:11');
insert into Users (UserID, Username, FirstName, LastName, DateOfBirth, Password, DateAdded) values (26, 'nwaycottp', 'Natassia', 'Waycott', '2001-12-29 19:41:10', 'uH7{?=uiL~rh', '2024-01-22 00:27:12');
insert into Users (UserID, Username, FirstName, LastName, DateOfBirth, Password, DateAdded) values (27, 'csimpsonq', 'Caressa', 'Simpson', '2002-10-20 21:32:03', 'lV5''#\W9M', '2024-03-03 05:10:32');
insert into Users (UserID, Username, FirstName, LastName, DateOfBirth, Password, DateAdded) values (28, 'ejeffreer', 'Eugenius', 'Jeffree', '2001-09-22 21:18:46', 'fG8~ISZukP"gkv', '2024-01-19 07:28:38');
insert into Users (UserID, Username, FirstName, LastName, DateOfBirth, Password, DateAdded) values (29, 'jkingcotts', 'Jedidiah', 'Kingcott', '2000-09-28 06:36:45', 'oO6=4D{uNOn!A', '2023-09-19 00:09:54');
insert into Users (UserID, Username, FirstName, LastName, DateOfBirth, Password, DateAdded) values (30, 'rmcgrottyt', 'Rheba', 'McGrotty', '2004-04-12 03:12:33', 'rH2`5!r\Yl6', '2024-05-23 05:54:08');
insert into Users (UserID, Username, FirstName, LastName, DateOfBirth, Password, DateAdded) values (31, 'saronu', 'Stephan', 'Aron', '2000-04-08 06:12:28', 'eK6.$oha"t%u2a', '2024-03-06 06:07:58');
insert into Users (UserID, Username, FirstName, LastName, DateOfBirth, Password, DateAdded) values (32, 'mdennerleyv', 'Melodee', 'Dennerley', '2001-10-27 01:03:48', 'oV5*l"6/F', '2023-11-18 23:25:05');
insert into Users (UserID, Username, FirstName, LastName, DateOfBirth, Password, DateAdded) values (33, 'tgiacoppow', 'Terri', 'Giacoppo', '2002-05-27 11:13:54', 'rM1.PtkAZE=', '2024-02-03 03:02:01');
insert into Users (UserID, Username, FirstName, LastName, DateOfBirth, Password, DateAdded) values (34, 'mmccrannx', 'Micah', 'McCrann', '2004-01-22 15:50:01', 'iX4@lQhg>N6GR', '2024-03-05 15:24:23');
insert into Users (UserID, Username, FirstName, LastName, DateOfBirth, Password, DateAdded) values (35, 'halfonsettoy', 'Huntley', 'Alfonsetto', '2004-02-18 07:46:17', 'aR3*dwSX_R$Fb', '2023-12-14 02:11:45');
insert into Users (UserID, Username, FirstName, LastName, DateOfBirth, Password, DateAdded) values (36, 'pannesz', 'Patton', 'Annes', '2003-01-30 17:45:53', 'oA9@X,''(/', '2024-04-05 12:02:14');
insert into Users (UserID, Username, FirstName, LastName, DateOfBirth, Password, DateAdded) values (37, 'mmapples10', 'Murvyn', 'Mapples', '2001-04-03 07:24:39', 'fN5|T$&qMdk$E', '2023-12-09 14:28:21');
insert into Users (UserID, Username, FirstName, LastName, DateOfBirth, Password, DateAdded) values (38, 'mbrackenridge11', 'Mimi', 'Brackenridge', '2003-02-23 22:07:44', 'gI8,PL_LP{', '2023-10-22 07:58:31');
insert into Users (UserID, Username, FirstName, LastName, DateOfBirth, Password, DateAdded) values (39, 'pchalliss12', 'Pat', 'Challiss', '2001-06-29 01:16:26', 'aC1$tW@S!h', '2024-05-31 19:13:12');
insert into Users (UserID, Username, FirstName, LastName, DateOfBirth, Password, DateAdded) values (40, 'dduplan13', 'Dara', 'Duplan', '2000-11-10 12:55:40', 'eP6$.wz00', '2023-12-17 16:55:13');
insert into Users (UserID, Username, FirstName, LastName, DateOfBirth, Password, DateAdded) values (41, 'dedes14', 'Damaris', 'Edes', '2002-07-09 16:18:42', 'gU9\1Lbg&stb', '2024-04-07 18:17:33');
insert into Users (UserID, Username, FirstName, LastName, DateOfBirth, Password, DateAdded) values (42, 'cfeake15', 'Carmine', 'Feake', '2000-01-04 11:54:08', 'sQ2%oIa_,2@vqWB', '2024-01-29 23:49:08');
insert into Users (UserID, Username, FirstName, LastName, DateOfBirth, Password, DateAdded) values (43, 'dshankland16', 'Dody', 'Shankland', '2001-08-29 01:08:11', 'dY8}l{/djrT`,&f', '2023-10-09 05:38:36');
insert into Users (UserID, Username, FirstName, LastName, DateOfBirth, Password, DateAdded) values (44, 'ffishbourne17', 'Fifine', 'Fishbourne', '2001-09-25 00:58:43', 'eL7@<$UCe', '2024-05-10 07:35:11');
insert into Users (UserID, Username, FirstName, LastName, DateOfBirth, Password, DateAdded) values (45, 'dbolger18', 'Darda', 'Bolger', '2001-01-19 04:08:42', 'rZ9''V=S~S7', '2024-01-20 07:45:24');
insert into Users (UserID, Username, FirstName, LastName, DateOfBirth, Password, DateAdded) values (46, 'lchampley19', 'Lucais', 'Champley', '2004-11-15 14:50:10', 'uR1_F{b9{', '2024-01-03 22:21:51');
insert into Users (UserID, Username, FirstName, LastName, DateOfBirth, Password, DateAdded) values (47, 'sdrysdale1a', 'Stacia', 'Drysdale', '2003-06-29 09:39:38', 'tM0_=5FKG', '2023-11-28 14:51:51');
insert into Users (UserID, Username, FirstName, LastName, DateOfBirth, Password, DateAdded) values (48, 'ovarnes1b', 'Ora', 'Varnes', '2004-05-06 14:46:56', 'wG0~9y,Ev&GXLC5Y', '2024-05-27 21:36:50');
insert into Users (UserID, Username, FirstName, LastName, DateOfBirth, Password, DateAdded) values (49, 'vkestian1c', 'Vivyan', 'Kestian', '2003-08-24 12:44:40', 'sH6}2feO|znoFZhk', '2024-06-23 14:17:44');
insert into Users (UserID, Username, FirstName, LastName, DateOfBirth, Password, DateAdded) values (50, 'mbruckental1d', 'Mozelle', 'Bruckental', '2004-06-13 21:40:27', 'dQ8!DfA''', '2024-08-09 07:25:47');

--Insert Friends
insert into Friends (FriendID, FriendWhoAdded, FriendBeingAdded, isAccepted, DateAdded) values (1, 25, 36, false, '1/15/2024');
insert into Friends (FriendID, FriendWhoAdded, FriendBeingAdded, isAccepted, DateAdded) values (2, 16, 31, false, '3/20/2024');
insert into Friends (FriendID, FriendWhoAdded, FriendBeingAdded, isAccepted, DateAdded) values (3, 9, 23, false, '10/31/2023');
insert into Friends (FriendID, FriendWhoAdded, FriendBeingAdded, isAccepted, DateAdded) values (4, 18, 37, false, '7/6/2024');
insert into Friends (FriendID, FriendWhoAdded, FriendBeingAdded, isAccepted, DateAdded) values (5, 36, 4, true, '12/28/2023');
insert into Friends (FriendID, FriendWhoAdded, FriendBeingAdded, isAccepted, DateAdded) values (6, 13, 5, false, '5/30/2024');
insert into Friends (FriendID, FriendWhoAdded, FriendBeingAdded, isAccepted, DateAdded) values (7, 13, 11, true, '11/10/2023');
insert into Friends (FriendID, FriendWhoAdded, FriendBeingAdded, isAccepted, DateAdded) values (8, 25, 2, false, '11/18/2023');
insert into Friends (FriendID, FriendWhoAdded, FriendBeingAdded, isAccepted, DateAdded) values (9, 1, 20, true, '12/26/2023');
insert into Friends (FriendID, FriendWhoAdded, FriendBeingAdded, isAccepted, DateAdded) values (10, 3, 42, true, '12/18/2023');
insert into Friends (FriendID, FriendWhoAdded, FriendBeingAdded, isAccepted, DateAdded) values (11, 7, 12, false, '11/30/2023');
insert into Friends (FriendID, FriendWhoAdded, FriendBeingAdded, isAccepted, DateAdded) values (12, 13, 28, true, '10/3/2023');
insert into Friends (FriendID, FriendWhoAdded, FriendBeingAdded, isAccepted, DateAdded) values (13, 37, 11, true, '4/12/2024');
insert into Friends (FriendID, FriendWhoAdded, FriendBeingAdded, isAccepted, DateAdded) values (14, 22, 1, true, '3/23/2024');
insert into Friends (FriendID, FriendWhoAdded, FriendBeingAdded, isAccepted, DateAdded) values (15, 10, 43, true, '2/28/2024');
insert into Friends (FriendID, FriendWhoAdded, FriendBeingAdded, isAccepted, DateAdded) values (16, 40, 17, true, '5/7/2024');
insert into Friends (FriendID, FriendWhoAdded, FriendBeingAdded, isAccepted, DateAdded) values (17, 39, 39, true, '8/14/2024');
insert into Friends (FriendID, FriendWhoAdded, FriendBeingAdded, isAccepted, DateAdded) values (18, 32, 29, true, '11/29/2023');
insert into Friends (FriendID, FriendWhoAdded, FriendBeingAdded, isAccepted, DateAdded) values (19, 30, 1, true, '8/22/2024');
insert into Friends (FriendID, FriendWhoAdded, FriendBeingAdded, isAccepted, DateAdded) values (20, 6, 27, true, '7/12/2024');
insert into Friends (FriendID, FriendWhoAdded, FriendBeingAdded, isAccepted, DateAdded) values (21, 21, 29, true, '7/23/2024');
insert into Friends (FriendID, FriendWhoAdded, FriendBeingAdded, isAccepted, DateAdded) values (22, 4, 9, false, '10/18/2023');
insert into Friends (FriendID, FriendWhoAdded, FriendBeingAdded, isAccepted, DateAdded) values (23, 34, 47, true, '7/20/2024');
insert into Friends (FriendID, FriendWhoAdded, FriendBeingAdded, isAccepted, DateAdded) values (24, 4, 1, true, '6/27/2024');
insert into Friends (FriendID, FriendWhoAdded, FriendBeingAdded, isAccepted, DateAdded) values (25, 33, 35, true, '8/14/2024');
insert into Friends (FriendID, FriendWhoAdded, FriendBeingAdded, isAccepted, DateAdded) values (26, 36, 22, false, '7/17/2024');
insert into Friends (FriendID, FriendWhoAdded, FriendBeingAdded, isAccepted, DateAdded) values (27, 30, 7, false, '4/4/2024');
insert into Friends (FriendID, FriendWhoAdded, FriendBeingAdded, isAccepted, DateAdded) values (28, 12, 26, false, '12/31/2023');
insert into Friends (FriendID, FriendWhoAdded, FriendBeingAdded, isAccepted, DateAdded) values (29, 13, 17, true, '12/3/2023');
insert into Friends (FriendID, FriendWhoAdded, FriendBeingAdded, isAccepted, DateAdded) values (30, 8, 19, false, '4/26/2024');
insert into Friends (FriendID, FriendWhoAdded, FriendBeingAdded, isAccepted, DateAdded) values (31, 20, 4, false, '8/7/2024');
insert into Friends (FriendID, FriendWhoAdded, FriendBeingAdded, isAccepted, DateAdded) values (32, 18, 21, true, '5/22/2024');
insert into Friends (FriendID, FriendWhoAdded, FriendBeingAdded, isAccepted, DateAdded) values (33, 47, 49, false, '11/7/2023');
insert into Friends (FriendID, FriendWhoAdded, FriendBeingAdded, isAccepted, DateAdded) values (34, 49, 13, false, '7/11/2024');
insert into Friends (FriendID, FriendWhoAdded, FriendBeingAdded, isAccepted, DateAdded) values (35, 19, 20, true, '4/8/2024');
insert into Friends (FriendID, FriendWhoAdded, FriendBeingAdded, isAccepted, DateAdded) values (36, 5, 40, true, '10/31/2023');
insert into Friends (FriendID, FriendWhoAdded, FriendBeingAdded, isAccepted, DateAdded) values (37, 13, 3, true, '9/20/2023');
insert into Friends (FriendID, FriendWhoAdded, FriendBeingAdded, isAccepted, DateAdded) values (38, 41, 9, true, '10/25/2023');
insert into Friends (FriendID, FriendWhoAdded, FriendBeingAdded, isAccepted, DateAdded) values (39, 14, 25, true, '9/25/2023');
insert into Friends (FriendID, FriendWhoAdded, FriendBeingAdded, isAccepted, DateAdded) values (40, 2, 16, false, '10/31/2023');
insert into Friends (FriendID, FriendWhoAdded, FriendBeingAdded, isAccepted, DateAdded) values (41, 47, 20, false, '11/15/2023');
insert into Friends (FriendID, FriendWhoAdded, FriendBeingAdded, isAccepted, DateAdded) values (42, 21, 10, false, '9/10/2023');
insert into Friends (FriendID, FriendWhoAdded, FriendBeingAdded, isAccepted, DateAdded) values (43, 30, 35, true, '1/9/2024');
insert into Friends (FriendID, FriendWhoAdded, FriendBeingAdded, isAccepted, DateAdded) values (44, 8, 10, true, '3/27/2024');
insert into Friends (FriendID, FriendWhoAdded, FriendBeingAdded, isAccepted, DateAdded) values (45, 8, 24, false, '3/14/2024');
insert into Friends (FriendID, FriendWhoAdded, FriendBeingAdded, isAccepted, DateAdded) values (46, 25, 12, false, '9/29/2023');
insert into Friends (FriendID, FriendWhoAdded, FriendBeingAdded, isAccepted, DateAdded) values (47, 31, 19, false, '3/4/2024');
insert into Friends (FriendID, FriendWhoAdded, FriendBeingAdded, isAccepted, DateAdded) values (48, 28, 9, false, '5/19/2024');
insert into Friends (FriendID, FriendWhoAdded, FriendBeingAdded, isAccepted, DateAdded) values (49, 2, 42, true, '8/9/2024');
insert into Friends (FriendID, FriendWhoAdded, FriendBeingAdded, isAccepted, DateAdded) values (50, 34, 50, false, '8/4/2024');

--Insert Groups
insert into Groups (GroupID, GroupName, CreatedBy, DateAdded) values (1, 'Talane', 'Wyn Cowderay', '4/10/2024');
insert into Groups (GroupID, GroupName, CreatedBy, DateAdded) values (2, 'Gigaclub', 'Boris Channing', '9/22/2023');
insert into Groups (GroupID, GroupName, CreatedBy, DateAdded) values (3, 'Bubbletube', 'Marion Stanyforth', '7/31/2024');
insert into Groups (GroupID, GroupName, CreatedBy, DateAdded) values (4, 'Babbleset', 'Lurlene Hague', '11/19/2023');
insert into Groups (GroupID, GroupName, CreatedBy, DateAdded) values (5, 'Twiyo', 'Tori Franchi', '8/13/2024');
insert into Groups (GroupID, GroupName, CreatedBy, DateAdded) values (6, 'Livetube', 'Wilfrid Lawrenz', '8/8/2024');
insert into Groups (GroupID, GroupName, CreatedBy, DateAdded) values (7, 'Roomm', 'Jillene Kochel', '11/14/2023');
insert into Groups (GroupID, GroupName, CreatedBy, DateAdded) values (8, 'Teklist', 'Cornelius Struys', '11/7/2023');
insert into Groups (GroupID, GroupName, CreatedBy, DateAdded) values (9, 'Zoonoodle', 'Kathy Joanic', '3/16/2024');
insert into Groups (GroupID, GroupName, CreatedBy, DateAdded) values (10, 'Feedspan', 'Kiah Fairley', '12/31/2023');
insert into Groups (GroupID, GroupName, CreatedBy, DateAdded) values (11, 'Thoughtblab', 'Harriot Merfin', '3/1/2024');
insert into Groups (GroupID, GroupName, CreatedBy, DateAdded) values (12, 'Kwimbee', 'Heinrik Duligall', '10/2/2023');
insert into Groups (GroupID, GroupName, CreatedBy, DateAdded) values (13, 'Cogidoo', 'Sissie Fortye', '11/6/2023');
insert into Groups (GroupID, GroupName, CreatedBy, DateAdded) values (14, 'Dynabox', 'Flss Masser', '8/22/2024');
insert into Groups (GroupID, GroupName, CreatedBy, DateAdded) values (15, 'Blogtags', 'Elnora Picardo', '8/24/2024');
insert into Groups (GroupID, GroupName, CreatedBy, DateAdded) values (16, 'Ozu', 'Mercy Gilliam', '2/6/2024');
insert into Groups (GroupID, GroupName, CreatedBy, DateAdded) values (17, 'Lajo', 'Amelie Lomansey', '11/5/2023');
insert into Groups (GroupID, GroupName, CreatedBy, DateAdded) values (18, 'Quire', 'Pinchas Losselyong', '3/5/2024');
insert into Groups (GroupID, GroupName, CreatedBy, DateAdded) values (19, 'Roomm', 'Valentijn Tweedie', '3/8/2024');
insert into Groups (GroupID, GroupName, CreatedBy, DateAdded) values (20, 'Avavee', 'Lynna Hastelow', '9/1/2024');
insert into Groups (GroupID, GroupName, CreatedBy, DateAdded) values (21, 'Jabbertype', 'Jammie Perschke', '1/12/2024');
insert into Groups (GroupID, GroupName, CreatedBy, DateAdded) values (22, 'Nlounge', 'Paxon Sargison', '5/30/2024');
insert into Groups (GroupID, GroupName, CreatedBy, DateAdded) values (23, 'Rhycero', 'Ruthann Habgood', '1/24/2024');
insert into Groups (GroupID, GroupName, CreatedBy, DateAdded) values (24, 'Demizz', 'Ulysses Heimann', '3/12/2024');
insert into Groups (GroupID, GroupName, CreatedBy, DateAdded) values (25, 'Yombu', 'Wallace Simco', '4/10/2024');
insert into Groups (GroupID, GroupName, CreatedBy, DateAdded) values (26, 'Kare', 'Idell Stables', '3/25/2024');
insert into Groups (GroupID, GroupName, CreatedBy, DateAdded) values (27, 'DabZ', 'Laurence Duding', '3/26/2024');
insert into Groups (GroupID, GroupName, CreatedBy, DateAdded) values (28, 'Avamba', 'Millisent Russon', '1/31/2024');
insert into Groups (GroupID, GroupName, CreatedBy, DateAdded) values (29, 'Thoughtstorm', 'Tully Cramp', '12/28/2023');
insert into Groups (GroupID, GroupName, CreatedBy, DateAdded) values (30, 'Omba', 'Jamil Middleditch', '8/21/2024');
insert into Groups (GroupID, GroupName, CreatedBy, DateAdded) values (31, 'Centidel', 'Gregg Magowan', '1/22/2024');
insert into Groups (GroupID, GroupName, CreatedBy, DateAdded) values (32, 'Realcube', 'Fernandina Affleck', '5/12/2024');
insert into Groups (GroupID, GroupName, CreatedBy, DateAdded) values (33, 'Edgewire', 'Grove Cortese', '1/22/2024');
insert into Groups (GroupID, GroupName, CreatedBy, DateAdded) values (34, 'Meedoo', 'Felicle Toolan', '2/25/2024');
insert into Groups (GroupID, GroupName, CreatedBy, DateAdded) values (35, 'Trupe', 'Gonzalo Dootson', '8/20/2024');
insert into Groups (GroupID, GroupName, CreatedBy, DateAdded) values (36, 'Dabshots', 'Toni Ashfold', '6/11/2024');
insert into Groups (GroupID, GroupName, CreatedBy, DateAdded) values (37, 'Trudeo', 'Adan Orrobin', '1/24/2024');
insert into Groups (GroupID, GroupName, CreatedBy, DateAdded) values (38, 'Mybuzz', 'Malynda McWaters', '5/23/2024');
insert into Groups (GroupID, GroupName, CreatedBy, DateAdded) values (39, 'Blogpad', 'Lethia Bowfin', '1/12/2024');
insert into Groups (GroupID, GroupName, CreatedBy, DateAdded) values (40, 'Buzzster', 'Elicia Novkovic', '5/15/2024');
insert into Groups (GroupID, GroupName, CreatedBy, DateAdded) values (41, 'Zooveo', 'Alecia Hawksby', '8/8/2024');
insert into Groups (GroupID, GroupName, CreatedBy, DateAdded) values (42, 'Youopia', 'Stacee Blower', '12/6/2023');
insert into Groups (GroupID, GroupName, CreatedBy, DateAdded) values (43, 'Leexo', 'Brigid Proback', '2/2/2024');
insert into Groups (GroupID, GroupName, CreatedBy, DateAdded) values (44, 'Linklinks', 'Giacobo Diter', '12/13/2023');
insert into Groups (GroupID, GroupName, CreatedBy, DateAdded) values (45, 'Fivebridge', 'Josy Sibbson', '1/7/2024');
insert into Groups (GroupID, GroupName, CreatedBy, DateAdded) values (46, 'Eimbee', 'Clim Fritz', '1/27/2024');
insert into Groups (GroupID, GroupName, CreatedBy, DateAdded) values (47, 'Photobean', 'Ronica Fortie', '5/20/2024');
insert into Groups (GroupID, GroupName, CreatedBy, DateAdded) values (48, 'Jamia', 'Kameko Wotton', '4/12/2024');
insert into Groups (GroupID, GroupName, CreatedBy, DateAdded) values (49, 'Riffpedia', 'Jamaal Pitney', '8/2/2024');
insert into Groups (GroupID, GroupName, CreatedBy, DateAdded) values (50, 'Shuffletag', 'Farlie Cobain', '10/13/2023');

--Insert Posts
insert into Posts (PostID, PostDescription, PostedBy, IsPublic, IsOnlyForFriends, GroupID, DatePosted) values (1, 'Repair rectovag fistula', 11, false, false, 36, '2023-10-30 23:06:17');
insert into Posts (PostID, PostDescription, PostedBy, IsPublic, IsOnlyForFriends, GroupID, DatePosted) values (2, 'Magnetic res image unsp', 2, false, true, 39, '2024-01-12 23:31:30');
insert into Posts (PostID, PostDescription, PostedBy, IsPublic, IsOnlyForFriends, GroupID, DatePosted) values (3, 'Proctotomy', 41, false, false, 2, '2024-01-31 03:48:45');
insert into Posts (PostID, PostDescription, PostedBy, IsPublic, IsOnlyForFriends, GroupID, DatePosted) values (4, 'Thermocaut/entropion rep', 10, true, true, 5, '2024-04-09 12:59:33');
insert into Posts (PostID, PostDescription, PostedBy, IsPublic, IsOnlyForFriends, GroupID, DatePosted) values (5, 'Lymphatic diag proc NEC', 44, true, false, 49, '2024-04-29 16:29:57');
insert into Posts (PostID, PostDescription, PostedBy, IsPublic, IsOnlyForFriends, GroupID, DatePosted) values (6, 'Bone graft-metatar/tar', 23, false, false, 10, '2023-12-21 06:18:12');
insert into Posts (PostID, PostDescription, PostedBy, IsPublic, IsOnlyForFriends, GroupID, DatePosted) values (7, 'Tu destr prostate by mt', 33, false, true, 5, '2024-03-21 22:45:57');
insert into Posts (PostID, PostDescription, PostedBy, IsPublic, IsOnlyForFriends, GroupID, DatePosted) values (8, 'Other muscle transposit', 12, true, false, 21, '2023-12-23 21:43:55');
insert into Posts (PostID, PostDescription, PostedBy, IsPublic, IsOnlyForFriends, GroupID, DatePosted) values (9, 'Contrast laryngogram', 32, true, true, 38, '2024-03-31 19:03:43');
insert into Posts (PostID, PostDescription, PostedBy, IsPublic, IsOnlyForFriends, GroupID, DatePosted) values (10, 'Onychoplasty', 2, false, true, 49, '2024-06-27 03:42:15');
insert into Posts (PostID, PostDescription, PostedBy, IsPublic, IsOnlyForFriends, GroupID, DatePosted) values (11, 'Spermatic cord incision', 26, true, true, 11, '2024-05-20 12:16:41');
insert into Posts (PostID, PostDescription, PostedBy, IsPublic, IsOnlyForFriends, GroupID, DatePosted) values (12, 'Disarticulation of ankle', 40, false, false, 43, '2024-06-28 17:49:03');
insert into Posts (PostID, PostDescription, PostedBy, IsPublic, IsOnlyForFriends, GroupID, DatePosted) values (13, 'Pituitary biopsy NOS', 31, true, false, 13, '2023-12-28 19:52:30');
insert into Posts (PostID, PostDescription, PostedBy, IsPublic, IsOnlyForFriends, GroupID, DatePosted) values (14, 'Ureteropexy', 36, false, true, 12, '2023-11-22 10:50:38');
insert into Posts (PostID, PostDescription, PostedBy, IsPublic, IsOnlyForFriends, GroupID, DatePosted) values (15, 'Appl ext fix-metacar/car', 21, true, true, 4, '2023-12-31 06:39:43');
insert into Posts (PostID, PostDescription, PostedBy, IsPublic, IsOnlyForFriends, GroupID, DatePosted) values (16, 'Peripheral nerve graft', 43, false, false, 26, '2024-08-29 07:18:37');
insert into Posts (PostID, PostDescription, PostedBy, IsPublic, IsOnlyForFriends, GroupID, DatePosted) values (17, 'Spinal canal inject NEC', 36, false, true, 16, '2023-11-07 16:47:36');
insert into Posts (PostID, PostDescription, PostedBy, IsPublic, IsOnlyForFriends, GroupID, DatePosted) values (18, 'Rectal perirect op NEC', 29, false, true, 11, '2024-05-25 19:58:02');
insert into Posts (PostID, PostDescription, PostedBy, IsPublic, IsOnlyForFriends, GroupID, DatePosted) values (19, 'Suture cervical lacerat', 11, false, true, 32, '2024-02-14 11:05:23');
insert into Posts (PostID, PostDescription, PostedBy, IsPublic, IsOnlyForFriends, GroupID, DatePosted) values (20, 'Close ureth fistula NEC', 45, true, false, 13, '2023-10-04 13:15:21');
insert into Posts (PostID, PostDescription, PostedBy, IsPublic, IsOnlyForFriends, GroupID, DatePosted) values (21, 'Open reduction-femur fx', 25, true, false, 24, '2024-07-15 14:07:13');
insert into Posts (PostID, PostDescription, PostedBy, IsPublic, IsOnlyForFriends, GroupID, DatePosted) values (22, 'Remov fallop tube prosth', 24, false, true, 5, '2024-01-19 20:36:20');
insert into Posts (PostID, PostDescription, PostedBy, IsPublic, IsOnlyForFriends, GroupID, DatePosted) values (23, 'Remov skel musc stimulat', 2, false, true, 4, '2024-04-03 08:25:38');
insert into Posts (PostID, PostDescription, PostedBy, IsPublic, IsOnlyForFriends, GroupID, DatePosted) values (24, 'Other pleural excision', 28, true, false, 29, '2023-09-28 14:58:24');
insert into Posts (PostID, PostDescription, PostedBy, IsPublic, IsOnlyForFriends, GroupID, DatePosted) values (25, 'Presacral sympathectomy', 12, true, false, 26, '2024-07-01 08:35:10');
insert into Posts (PostID, PostDescription, PostedBy, IsPublic, IsOnlyForFriends, GroupID, DatePosted) values (26, 'Isolation', 7, true, false, 16, '2024-02-20 19:26:45');
insert into Posts (PostID, PostDescription, PostedBy, IsPublic, IsOnlyForFriends, GroupID, DatePosted) values (27, 'Parathyroid biopsy', 9, false, false, 44, '2024-05-18 16:13:09');
insert into Posts (PostID, PostDescription, PostedBy, IsPublic, IsOnlyForFriends, GroupID, DatePosted) values (28, 'Pericardiotomy', 3, false, true, 39, '2024-08-22 02:42:32');
insert into Posts (PostID, PostDescription, PostedBy, IsPublic, IsOnlyForFriends, GroupID, DatePosted) values (29, 'Below knee amputat NEC', 26, false, true, 47, '2024-05-12 00:15:32');
insert into Posts (PostID, PostDescription, PostedBy, IsPublic, IsOnlyForFriends, GroupID, DatePosted) values (30, 'Conjunctiva incision NEC', 19, false, false, 24, '2024-02-11 09:26:26');
insert into Posts (PostID, PostDescription, PostedBy, IsPublic, IsOnlyForFriends, GroupID, DatePosted) values (31, 'Cardiac retraining', 40, true, false, 40, '2024-07-17 13:49:04');
insert into Posts (PostID, PostDescription, PostedBy, IsPublic, IsOnlyForFriends, GroupID, DatePosted) values (32, 'Loc exc les metatar/tar', 35, false, false, 27, '2024-08-30 01:25:56');
insert into Posts (PostID, PostDescription, PostedBy, IsPublic, IsOnlyForFriends, GroupID, DatePosted) values (33, 'Unilateral orchiectomy', 18, true, true, 41, '2024-07-01 11:45:22');
insert into Posts (PostID, PostDescription, PostedBy, IsPublic, IsOnlyForFriends, GroupID, DatePosted) values (34, 'Hypnotherapy', 22, true, false, 38, '2024-04-06 06:21:14');
insert into Posts (PostID, PostDescription, PostedBy, IsPublic, IsOnlyForFriends, GroupID, DatePosted) values (35, 'Pressure dressing applic', 3, false, false, 45, '2024-07-02 06:39:25');
insert into Posts (PostID, PostDescription, PostedBy, IsPublic, IsOnlyForFriends, GroupID, DatePosted) values (36, 'Closed fx reduction NEC', 38, true, true, 36, '2024-08-10 09:58:05');
insert into Posts (PostID, PostDescription, PostedBy, IsPublic, IsOnlyForFriends, GroupID, DatePosted) values (37, 'Refus drs/drslmb ant/ant', 50, false, true, 14, '2024-03-14 02:41:42');
insert into Posts (PostID, PostDescription, PostedBy, IsPublic, IsOnlyForFriends, GroupID, DatePosted) values (38, 'Bilat endosc divis tube', 36, true, true, 26, '2024-05-25 00:16:56');
insert into Posts (PostID, PostDescription, PostedBy, IsPublic, IsOnlyForFriends, GroupID, DatePosted) values (39, 'Extraoc musc dx proc NEC', 33, false, true, 46, '2024-02-07 22:01:18');
insert into Posts (PostID, PostDescription, PostedBy, IsPublic, IsOnlyForFriends, GroupID, DatePosted) values (40, 'Blow therapeut into tube', 37, false, false, 4, '2024-06-09 21:21:29');
insert into Posts (PostID, PostDescription, PostedBy, IsPublic, IsOnlyForFriends, GroupID, DatePosted) values (41, 'Chemonucleolysis iv disc', 42, true, false, 5, '2024-08-31 14:31:13');
insert into Posts (PostID, PostDescription, PostedBy, IsPublic, IsOnlyForFriends, GroupID, DatePosted) values (42, 'Control of epistaxis NOS', 28, false, true, 42, '2024-02-22 14:36:26');
insert into Posts (PostID, PostDescription, PostedBy, IsPublic, IsOnlyForFriends, GroupID, DatePosted) values (43, 'Osteoclasis-patella', 23, true, false, 33, '2024-03-19 03:06:41');
insert into Posts (PostID, PostDescription, PostedBy, IsPublic, IsOnlyForFriends, GroupID, DatePosted) values (44, 'Replace prolapsed cord', 14, true, false, 48, '2024-05-14 23:35:40');
insert into Posts (PostID, PostDescription, PostedBy, IsPublic, IsOnlyForFriends, GroupID, DatePosted) values (45, 'Part excis pituitary NOS', 14, true, false, 19, '2024-02-15 02:36:14');
insert into Posts (PostID, PostDescription, PostedBy, IsPublic, IsOnlyForFriends, GroupID, DatePosted) values (46, 'Bone grft to metacar/car', 39, true, true, 10, '2023-09-11 01:21:29');
insert into Posts (PostID, PostDescription, PostedBy, IsPublic, IsOnlyForFriends, GroupID, DatePosted) values (47, 'Gb-to-intestine anastom', 27, false, true, 12, '2024-01-21 03:13:41');
insert into Posts (PostID, PostDescription, PostedBy, IsPublic, IsOnlyForFriends, GroupID, DatePosted) values (48, 'Bone marrow biopsy', 6, false, true, 21, '2024-01-24 03:08:47');
insert into Posts (PostID, PostDescription, PostedBy, IsPublic, IsOnlyForFriends, GroupID, DatePosted) values (49, 'Culture-blood', 21, false, false, 2, '2024-03-28 12:30:58');
insert into Posts (PostID, PostDescription, PostedBy, IsPublic, IsOnlyForFriends, GroupID, DatePosted) values (50, 'Laryngeal fistula clos', 19, false, false, 34, '2024-07-14 10:39:58');

--Insert GroupMembershipRequests
insert into GroupMembershipRequests (GroupMemberShipRequestsID, GroupID, GroupMemberUserID, IsGroupMemberShipAccepted, DateAccepted) values (1, 1, 1, false, '11/23/2023');
insert into GroupMembershipRequests (GroupMemberShipRequestsID, GroupID, GroupMemberUserID, IsGroupMemberShipAccepted, DateAccepted) values (2, 2, 2, false, '3/14/2024');
insert into GroupMembershipRequests (GroupMemberShipRequestsID, GroupID, GroupMemberUserID, IsGroupMemberShipAccepted, DateAccepted) values (3, 3, 3, false, '2/22/2024');
insert into GroupMembershipRequests (GroupMemberShipRequestsID, GroupID, GroupMemberUserID, IsGroupMemberShipAccepted, DateAccepted) values (4, 4, 4, true, '9/10/2023');
insert into GroupMembershipRequests (GroupMemberShipRequestsID, GroupID, GroupMemberUserID, IsGroupMemberShipAccepted, DateAccepted) values (5, 5, 5, true, '11/9/2023');
insert into GroupMembershipRequests (GroupMemberShipRequestsID, GroupID, GroupMemberUserID, IsGroupMemberShipAccepted, DateAccepted) values (6, 6, 6, false, '8/14/2024');
insert into GroupMembershipRequests (GroupMemberShipRequestsID, GroupID, GroupMemberUserID, IsGroupMemberShipAccepted, DateAccepted) values (7, 7, 7, true, '2/26/2024');
insert into GroupMembershipRequests (GroupMemberShipRequestsID, GroupID, GroupMemberUserID, IsGroupMemberShipAccepted, DateAccepted) values (8, 8, 8, false, '3/31/2024');
insert into GroupMembershipRequests (GroupMemberShipRequestsID, GroupID, GroupMemberUserID, IsGroupMemberShipAccepted, DateAccepted) values (9, 9, 9, false, '1/2/2024');
insert into GroupMembershipRequests (GroupMemberShipRequestsID, GroupID, GroupMemberUserID, IsGroupMemberShipAccepted, DateAccepted) values (10, 10, 10, false, '12/5/2023');
insert into GroupMembershipRequests (GroupMemberShipRequestsID, GroupID, GroupMemberUserID, IsGroupMemberShipAccepted, DateAccepted) values (11, 11, 11, true, '9/4/2024');
insert into GroupMembershipRequests (GroupMemberShipRequestsID, GroupID, GroupMemberUserID, IsGroupMemberShipAccepted, DateAccepted) values (12, 12, 12, true, '11/19/2023');
insert into GroupMembershipRequests (GroupMemberShipRequestsID, GroupID, GroupMemberUserID, IsGroupMemberShipAccepted, DateAccepted) values (13, 13, 13, false, '11/16/2023');
insert into GroupMembershipRequests (GroupMemberShipRequestsID, GroupID, GroupMemberUserID, IsGroupMemberShipAccepted, DateAccepted) values (14, 14, 14, true, '9/1/2024');
insert into GroupMembershipRequests (GroupMemberShipRequestsID, GroupID, GroupMemberUserID, IsGroupMemberShipAccepted, DateAccepted) values (15, 15, 15, true, '4/6/2024');
insert into GroupMembershipRequests (GroupMemberShipRequestsID, GroupID, GroupMemberUserID, IsGroupMemberShipAccepted, DateAccepted) values (16, 16, 16, false, '2/29/2024');
insert into GroupMembershipRequests (GroupMemberShipRequestsID, GroupID, GroupMemberUserID, IsGroupMemberShipAccepted, DateAccepted) values (17, 17, 17, false, '9/29/2023');
insert into GroupMembershipRequests (GroupMemberShipRequestsID, GroupID, GroupMemberUserID, IsGroupMemberShipAccepted, DateAccepted) values (18, 18, 18, true, '1/31/2024');
insert into GroupMembershipRequests (GroupMemberShipRequestsID, GroupID, GroupMemberUserID, IsGroupMemberShipAccepted, DateAccepted) values (19, 19, 19, true, '11/13/2023');
insert into GroupMembershipRequests (GroupMemberShipRequestsID, GroupID, GroupMemberUserID, IsGroupMemberShipAccepted, DateAccepted) values (20, 20, 20, false, '12/22/2023');
insert into GroupMembershipRequests (GroupMemberShipRequestsID, GroupID, GroupMemberUserID, IsGroupMemberShipAccepted, DateAccepted) values (21, 21, 21, false, '2/29/2024');
insert into GroupMembershipRequests (GroupMemberShipRequestsID, GroupID, GroupMemberUserID, IsGroupMemberShipAccepted, DateAccepted) values (22, 22, 22, false, '10/8/2023');
insert into GroupMembershipRequests (GroupMemberShipRequestsID, GroupID, GroupMemberUserID, IsGroupMemberShipAccepted, DateAccepted) values (23, 23, 23, true, '1/19/2024');
insert into GroupMembershipRequests (GroupMemberShipRequestsID, GroupID, GroupMemberUserID, IsGroupMemberShipAccepted, DateAccepted) values (24, 24, 24, false, '7/3/2024');
insert into GroupMembershipRequests (GroupMemberShipRequestsID, GroupID, GroupMemberUserID, IsGroupMemberShipAccepted, DateAccepted) values (25, 25, 25, false, '6/27/2024');
insert into GroupMembershipRequests (GroupMemberShipRequestsID, GroupID, GroupMemberUserID, IsGroupMemberShipAccepted, DateAccepted) values (26, 26, 26, false, '10/21/2023');
insert into GroupMembershipRequests (GroupMemberShipRequestsID, GroupID, GroupMemberUserID, IsGroupMemberShipAccepted, DateAccepted) values (27, 27, 27, false, '11/26/2023');
insert into GroupMembershipRequests (GroupMemberShipRequestsID, GroupID, GroupMemberUserID, IsGroupMemberShipAccepted, DateAccepted) values (28, 28, 28, true, '6/22/2024');
insert into GroupMembershipRequests (GroupMemberShipRequestsID, GroupID, GroupMemberUserID, IsGroupMemberShipAccepted, DateAccepted) values (29, 29, 29, true, '8/8/2024');
insert into GroupMembershipRequests (GroupMemberShipRequestsID, GroupID, GroupMemberUserID, IsGroupMemberShipAccepted, DateAccepted) values (30, 30, 30, true, '1/30/2024');
insert into GroupMembershipRequests (GroupMemberShipRequestsID, GroupID, GroupMemberUserID, IsGroupMemberShipAccepted, DateAccepted) values (31, 31, 31, false, '11/20/2023');
insert into GroupMembershipRequests (GroupMemberShipRequestsID, GroupID, GroupMemberUserID, IsGroupMemberShipAccepted, DateAccepted) values (32, 32, 32, true, '10/6/2023');
insert into GroupMembershipRequests (GroupMemberShipRequestsID, GroupID, GroupMemberUserID, IsGroupMemberShipAccepted, DateAccepted) values (33, 33, 33, true, '1/17/2024');
insert into GroupMembershipRequests (GroupMemberShipRequestsID, GroupID, GroupMemberUserID, IsGroupMemberShipAccepted, DateAccepted) values (34, 34, 34, false, '2/1/2024');
insert into GroupMembershipRequests (GroupMemberShipRequestsID, GroupID, GroupMemberUserID, IsGroupMemberShipAccepted, DateAccepted) values (35, 35, 35, false, '2/1/2024');
insert into GroupMembershipRequests (GroupMemberShipRequestsID, GroupID, GroupMemberUserID, IsGroupMemberShipAccepted, DateAccepted) values (36, 36, 36, true, '10/23/2023');
insert into GroupMembershipRequests (GroupMemberShipRequestsID, GroupID, GroupMemberUserID, IsGroupMemberShipAccepted, DateAccepted) values (37, 37, 37, false, '4/17/2024');
insert into GroupMembershipRequests (GroupMemberShipRequestsID, GroupID, GroupMemberUserID, IsGroupMemberShipAccepted, DateAccepted) values (38, 38, 38, false, '4/29/2024');
insert into GroupMembershipRequests (GroupMemberShipRequestsID, GroupID, GroupMemberUserID, IsGroupMemberShipAccepted, DateAccepted) values (39, 39, 39, false, '3/16/2024');
insert into GroupMembershipRequests (GroupMemberShipRequestsID, GroupID, GroupMemberUserID, IsGroupMemberShipAccepted, DateAccepted) values (40, 40, 40, false, '12/23/2023');
insert into GroupMembershipRequests (GroupMemberShipRequestsID, GroupID, GroupMemberUserID, IsGroupMemberShipAccepted, DateAccepted) values (41, 41, 41, true, '3/30/2024');
insert into GroupMembershipRequests (GroupMemberShipRequestsID, GroupID, GroupMemberUserID, IsGroupMemberShipAccepted, DateAccepted) values (42, 42, 42, false, '3/21/2024');
insert into GroupMembershipRequests (GroupMemberShipRequestsID, GroupID, GroupMemberUserID, IsGroupMemberShipAccepted, DateAccepted) values (43, 43, 43, false, '3/15/2024');
insert into GroupMembershipRequests (GroupMemberShipRequestsID, GroupID, GroupMemberUserID, IsGroupMemberShipAccepted, DateAccepted) values (44, 44, 44, true, '4/27/2024');
insert into GroupMembershipRequests (GroupMemberShipRequestsID, GroupID, GroupMemberUserID, IsGroupMemberShipAccepted, DateAccepted) values (45, 45, 45, true, '6/8/2024');
insert into GroupMembershipRequests (GroupMemberShipRequestsID, GroupID, GroupMemberUserID, IsGroupMemberShipAccepted, DateAccepted) values (46, 46, 46, true, '12/14/2023');
insert into GroupMembershipRequests (GroupMemberShipRequestsID, GroupID, GroupMemberUserID, IsGroupMemberShipAccepted, DateAccepted) values (47, 47, 47, true, '12/6/2023');
insert into GroupMembershipRequests (GroupMemberShipRequestsID, GroupID, GroupMemberUserID, IsGroupMemberShipAccepted, DateAccepted) values (48, 48, 48, true, '1/12/2024');
insert into GroupMembershipRequests (GroupMemberShipRequestsID, GroupID, GroupMemberUserID, IsGroupMemberShipAccepted, DateAccepted) values (49, 49, 49, true, '10/23/2023');
insert into GroupMembershipRequests (GroupMemberShipRequestsID, GroupID, GroupMemberUserID, IsGroupMemberShipAccepted, DateAccepted) values (50, 50, 50, true, '7/9/2024');
