-- Insert Users
insert into Users (UserID, Username, FirstName, LastName, DateOfBirth, Password, DateAdded) values (1, 'rcandwell0', 'Ruthie', 'Candwell', '2000-04-08 21:37:08', 'iC3_7uvWo6+', '1/9/2024');
insert into Users (UserID, Username, FirstName, LastName, DateOfBirth, Password, DateAdded) values (2, 'abaynes1', 'Angelique', 'Baynes', '2001-09-09 02:39:30', 'aN9,CvaadZ#', '9/29/2023');
insert into Users (UserID, Username, FirstName, LastName, DateOfBirth, Password, DateAdded) values (3, 'kdoni2', 'Krissy', 'Doni', '2002-07-16 20:36:38', 'uR2$$2UR"1H', '8/28/2024');
insert into Users (UserID, Username, FirstName, LastName, DateOfBirth, Password, DateAdded) values (4, 'nmcfayden3', 'Noelle', 'McFayden', '2001-01-24 13:24:17', 'yH2/H"u|+9_zd4g', '2/29/2024');
insert into Users (UserID, Username, FirstName, LastName, DateOfBirth, Password, DateAdded) values (5, 'jcastellanos4', 'Judon', 'Castellanos', '2002-11-18 00:21:46', 'xG7\zen~od.8o+X', '12/30/2023');
insert into Users (UserID, Username, FirstName, LastName, DateOfBirth, Password, DateAdded) values (6, 'fmadle5', 'Fionnula', 'Madle', '2001-10-29 01:30:15', 'pW1}7,LT1h', '10/22/2023');
insert into Users (UserID, Username, FirstName, LastName, DateOfBirth, Password, DateAdded) values (7, 'wcayle6', 'Willyt', 'Cayle', '2002-03-21 19:45:51', 'yH9<cPZiYR~', '12/24/2023');
insert into Users (UserID, Username, FirstName, LastName, DateOfBirth, Password, DateAdded) values (8, 'sandric7', 'Shalne', 'Andric', '2000-05-11 10:24:05', 'nJ9%.@.B/', '3/18/2024');
insert into Users (UserID, Username, FirstName, LastName, DateOfBirth, Password, DateAdded) values (9, 'ositlinton8', 'Ortensia', 'Sitlinton', '2000-09-01 22:57:22', 'uJ1}Z1<q,oWor*bL', '12/1/2023');
insert into Users (UserID, Username, FirstName, LastName, DateOfBirth, Password, DateAdded) values (10, 'meyeington9', 'Marnia', 'Eyeington', '2000-12-27 10:56:11', 'vF7{D148z>cm', '11/27/2023');
insert into Users (UserID, Username, FirstName, LastName, DateOfBirth, Password, DateAdded) values (11, 'ebrightlinga', 'Eugen', 'Brightling', '2000-05-12 19:40:28', 'kG4$anLau>3=J', '12/22/2023');
insert into Users (UserID, Username, FirstName, LastName, DateOfBirth, Password, DateAdded) values (12, 'scecchetellib', 'Shelley', 'Cecchetelli', '2000-10-27 15:30:18', 'xK3)Q1ap5(2*\P''S', '3/6/2024');
insert into Users (UserID, Username, FirstName, LastName, DateOfBirth, Password, DateAdded) values (13, 'gemanuellic', 'Gabbey', 'Emanuelli', '2000-06-14 09:36:02', 'kJ0(Qr`|', '8/11/2024');
insert into Users (UserID, Username, FirstName, LastName, DateOfBirth, Password, DateAdded) values (14, 'mwilsed', 'Meriel', 'Wilse', '2001-07-21 09:42:48', 'sN2)._c}+<G', '11/26/2023');
insert into Users (UserID, Username, FirstName, LastName, DateOfBirth, Password, DateAdded) values (15, 'adunleae', 'Allsun', 'Dunlea', '2001-10-02 13:22:08', 'oQ2+Kem//1(pb3t', '5/6/2024');
insert into Users (UserID, Username, FirstName, LastName, DateOfBirth, Password, DateAdded) values (16, 'dyukhnevf', 'Danika', 'Yukhnev', '2002-07-31 01:14:44', 'sL5''{_HoA9f&i', '11/27/2023');
insert into Users (UserID, Username, FirstName, LastName, DateOfBirth, Password, DateAdded) values (17, 'eselveyg', 'Emelen', 'Selvey', '2001-12-16 20:15:47', 'hV8.hC6v&.X\u', '5/5/2024');
insert into Users (UserID, Username, FirstName, LastName, DateOfBirth, Password, DateAdded) values (18, 'rbambrickh', 'Rudiger', 'Bambrick', '2000-03-17 22:09:33', 'aJ0<TMtxY/M@sm', '5/26/2024');
insert into Users (UserID, Username, FirstName, LastName, DateOfBirth, Password, DateAdded) values (19, 'eodochertyi', 'Emeline', 'O''Docherty', '2000-07-02 11:59:00', 'eF9)/C$n', '2/26/2024');
insert into Users (UserID, Username, FirstName, LastName, DateOfBirth, Password, DateAdded) values (20, 'shanneyj', 'Siffre', 'Hanney', '2002-03-14 23:06:05', 'fN5`.i.67}k', '11/6/2023');
insert into Users (UserID, Username, FirstName, LastName, DateOfBirth, Password, DateAdded) values (21, 'tcouthardk', 'Talya', 'Couthard', '2000-08-10 21:27:26', 'eQ9`p{<|tV', '7/4/2024');
insert into Users (UserID, Username, FirstName, LastName, DateOfBirth, Password, DateAdded) values (22, 'tlebrunl', 'Tallulah', 'Le Brun', '2000-01-28 20:27:59', 'mF4_q"?e*Ast$q', '10/10/2023');
insert into Users (UserID, Username, FirstName, LastName, DateOfBirth, Password, DateAdded) values (23, 'gettridgem', 'Giffie', 'Ettridge', '2001-08-05 22:05:51', 'uF1}JV{`6<', '7/5/2024');
insert into Users (UserID, Username, FirstName, LastName, DateOfBirth, Password, DateAdded) values (24, 'kbloisn', 'Kay', 'Blois', '2001-03-16 01:39:25', 'cE6~miPe{S_y*wN', '3/31/2024');
insert into Users (UserID, Username, FirstName, LastName, DateOfBirth, Password, DateAdded) values (25, 'lmatthiso', 'Laverne', 'Matthis', '2002-04-25 15:39:24', 'qT8\3sf\NiY5', '7/8/2024');
insert into Users (UserID, Username, FirstName, LastName, DateOfBirth, Password, DateAdded) values (26, 'jpopeleyp', 'Jessalyn', 'Popeley', '2000-05-15 22:56:45', 'jC2@Z0uk`', '6/22/2024');
insert into Users (UserID, Username, FirstName, LastName, DateOfBirth, Password, DateAdded) values (27, 'alemasneyq', 'Agnesse', 'Lemasney', '2001-08-03 20:31:56', 'fN4!pyNu"P<f5#', '8/18/2024');
insert into Users (UserID, Username, FirstName, LastName, DateOfBirth, Password, DateAdded) values (28, 'mwynner', 'Marylynne', 'Wynne', '2001-08-01 05:20:18', 'bY6}mS2E|KgY9', '9/2/2024');
insert into Users (UserID, Username, FirstName, LastName, DateOfBirth, Password, DateAdded) values (29, 'mhallybones', 'Max', 'Hallybone', '2002-02-21 02:18:46', 'pP2%''tgy,7F', '8/16/2024');
insert into Users (UserID, Username, FirstName, LastName, DateOfBirth, Password, DateAdded) values (30, 'pwroughtt', 'Pru', 'Wrought', '2001-10-19 02:25:05', 'pM3!Y3`aF8&', '6/28/2024');
insert into Users (UserID, Username, FirstName, LastName, DateOfBirth, Password, DateAdded) values (31, 'ochalkeru', 'Owen', 'Chalker', '2000-07-04 21:10:56', 'oS9&P_U&z', '6/26/2024');
insert into Users (UserID, Username, FirstName, LastName, DateOfBirth, Password, DateAdded) values (32, 'epeersv', 'Esmaria', 'Peers', '2001-08-06 13:50:08', 'gV4<BmAT<J', '10/8/2023');
insert into Users (UserID, Username, FirstName, LastName, DateOfBirth, Password, DateAdded) values (33, 'sbattlew', 'Starlene', 'Battle', '2000-04-25 11:10:35', 'fK9,8Qug%7Y', '11/9/2023');
insert into Users (UserID, Username, FirstName, LastName, DateOfBirth, Password, DateAdded) values (34, 'jartusx', 'Jennee', 'Artus', '2002-11-04 23:03:30', 'cJ0@yzNEDIZo', '5/16/2024');
insert into Users (UserID, Username, FirstName, LastName, DateOfBirth, Password, DateAdded) values (35, 'alodemanny', 'Amara', 'Lodemann', '2000-10-28 23:36:02', 'wN9&{HN3,*=WVId', '10/31/2023');
insert into Users (UserID, Username, FirstName, LastName, DateOfBirth, Password, DateAdded) values (36, 'acossonsz', 'Anita', 'Cossons', '2000-07-11 18:55:59', 'pB2/hK$Tb', '3/15/2024');
insert into Users (UserID, Username, FirstName, LastName, DateOfBirth, Password, DateAdded) values (37, 'cgepheart10', 'Chad', 'Gepheart', '2001-01-16 22:20:50', 'rL9~$Rf\ITt1VYvC', '3/31/2024');
insert into Users (UserID, Username, FirstName, LastName, DateOfBirth, Password, DateAdded) values (38, 'bkingsnod11', 'Brooks', 'Kingsnod', '2001-01-18 16:41:27', 'rU7!.HJJt0Ku!qrA', '12/26/2023');
insert into Users (UserID, Username, FirstName, LastName, DateOfBirth, Password, DateAdded) values (39, 'amegany12', 'Allin', 'Megany', '2002-02-26 05:20:22', 'pU3%VpU@bw@Ls+u', '3/13/2024');
insert into Users (UserID, Username, FirstName, LastName, DateOfBirth, Password, DateAdded) values (40, 'fcicchinelli13', 'Fraser', 'Cicchinelli', '2001-10-25 09:14:58', 'fG4@<M,R6}', '12/15/2023');
insert into Users (UserID, Username, FirstName, LastName, DateOfBirth, Password, DateAdded) values (41, 'fsantos14', 'Fairlie', 'Santos', '2002-02-20 12:03:26', 'dT8(3IGW=c''pp', '4/20/2024');
insert into Users (UserID, Username, FirstName, LastName, DateOfBirth, Password, DateAdded) values (42, 'dtorfin15', 'Delia', 'Torfin', '2002-11-14 01:54:16', 'oP9{bZuJk{h~b', '9/25/2023');
insert into Users (UserID, Username, FirstName, LastName, DateOfBirth, Password, DateAdded) values (43, 'ppabel16', 'Pierette', 'Pabel', '2001-03-10 18:32:11', 'pX8!a`tb', '9/16/2023');
insert into Users (UserID, Username, FirstName, LastName, DateOfBirth, Password, DateAdded) values (44, 'lsilwood17', 'Leanna', 'Silwood', '2002-08-07 21:54:37', 'fG6\ayTS', '3/15/2024');
insert into Users (UserID, Username, FirstName, LastName, DateOfBirth, Password, DateAdded) values (45, 'lvasichev18', 'Lucila', 'Vasichev', '2000-02-23 11:13:42', 'tW6$xB6#RBk', '7/4/2024');
insert into Users (UserID, Username, FirstName, LastName, DateOfBirth, Password, DateAdded) values (46, 'wtume19', 'Winnah', 'Tume', '2001-06-06 07:42:08', 'gM8$<9Vf*iH', '9/12/2023');
insert into Users (UserID, Username, FirstName, LastName, DateOfBirth, Password, DateAdded) values (47, 'kbaudouin1a', 'Kerrill', 'Baudouin', '2000-03-06 01:22:41', 'dN6~#v=yDhuO)', '9/23/2023');
insert into Users (UserID, Username, FirstName, LastName, DateOfBirth, Password, DateAdded) values (48, 'ltott1b', 'Lucine', 'Tott', '2002-05-04 23:59:41', 'rF9"P"#Q7C{5', '1/20/2024');
insert into Users (UserID, Username, FirstName, LastName, DateOfBirth, Password, DateAdded) values (49, 'askayman1c', 'Addi', 'Skayman', '2001-03-23 00:45:53', 'eO9@e{kE,d', '4/18/2024');
insert into Users (UserID, Username, FirstName, LastName, DateOfBirth, Password, DateAdded) values (50, 'gcomfort1d', 'Guthry', 'Comfort', '2002-04-08 10:53:17', 'yF1!Q2Zhw', '3/24/2024');


--Insert Friends
insert into Friends (FriendID, FriendWhoAdded, FriendBeingAdded, isAccepted, DateAdded) values (1, 25, 36, false, '1/15/2024');
insert into Friends (FriendID, FriendWhoAdded, FriendBeingAdded, isAccepted, DateAdded) values (2, 16, 31, false, '3/20/2024');
insert into Friends (FriendID, FriendWhoAdded, FriendBeingAdded, isAccepted, DateAdded) values (3, 9, 23, false, '10/31/2023');
insert into Friends (FriendID, FriendWhoAdded, FriendBeingAdded, isAccepted, DateAdded) values (4, 18, 37, false, '7/6/2024');
insert into Friends (FriendID, FriendWhoAdded, FriendBeingAdded, isAccepted, DateAdded) values (5, 36, 4, true, '12/28/2023');
insert into Friends (FriendID, FriendWhoAdded, FriendBeingAdded, isAccepted, DateAdded) values (6, 13, 5, false, '5/30/2024');
insert into Friends (FriendID, FriendWhoAdded, FriendBeingAdded, isAccepted, DateAdded) values (7, 13, 11, true, '11/10/2023');
insert into Friends (FriendID, FriendWhoAdded, FriendBeingAdded, isAccepted, DateAdded) values (8, 25, 2, false, '11/18/2023');
insert into Friends (FriendID, FriendWhoAdded, FriendBeingAdded, isAccepted, DateAdded) values (9, 9, 20, true, '12/26/2023');
insert into Friends (FriendID, FriendWhoAdded, FriendBeingAdded, isAccepted, DateAdded) values (10, 3, 42, true, '12/18/2023');
insert into Friends (FriendID, FriendWhoAdded, FriendBeingAdded, isAccepted, DateAdded) values (11, 7, 12, false, '11/30/2023');
insert into Friends (FriendID, FriendWhoAdded, FriendBeingAdded, isAccepted, DateAdded) values (12, 13, 28, true, '10/3/2023');
insert into Friends (FriendID, FriendWhoAdded, FriendBeingAdded, isAccepted, DateAdded) values (13, 37, 11, true, '4/12/2024');
insert into Friends (FriendID, FriendWhoAdded, FriendBeingAdded, isAccepted, DateAdded) values (14, 22, 1, true, '3/23/2024');
insert into Friends (FriendID, FriendWhoAdded, FriendBeingAdded, isAccepted, DateAdded) values (15, 10, 43, true, '2/28/2024');
insert into Friends (FriendID, FriendWhoAdded, FriendBeingAdded, isAccepted, DateAdded) values (16, 40, 17, true, '5/7/2024');
insert into Friends (FriendID, FriendWhoAdded, FriendBeingAdded, isAccepted, DateAdded) values (17, 39, 39, true, '8/14/2024');
insert into Friends (FriendID, FriendWhoAdded, FriendBeingAdded, isAccepted, DateAdded) values (18, 32, 29, true, '11/29/2023');
insert into Friends (FriendID, FriendWhoAdded, FriendBeingAdded, isAccepted, DateAdded) values (19, 30, 1, true, '8/22/2024');
insert into Friends (FriendID, FriendWhoAdded, FriendBeingAdded, isAccepted, DateAdded) values (20, 6, 27, true, '7/12/2024');
insert into Friends (FriendID, FriendWhoAdded, FriendBeingAdded, isAccepted, DateAdded) values (21, 21, 29, true, '7/23/2024');
insert into Friends (FriendID, FriendWhoAdded, FriendBeingAdded, isAccepted, DateAdded) values (22, 4, 9, false, '10/18/2023');
insert into Friends (FriendID, FriendWhoAdded, FriendBeingAdded, isAccepted, DateAdded) values (23, 34, 47, true, '7/20/2024');
insert into Friends (FriendID, FriendWhoAdded, FriendBeingAdded, isAccepted, DateAdded) values (24, 4, 1, true, '6/27/2024');
insert into Friends (FriendID, FriendWhoAdded, FriendBeingAdded, isAccepted, DateAdded) values (25, 33, 35, true, '8/14/2024');
insert into Friends (FriendID, FriendWhoAdded, FriendBeingAdded, isAccepted, DateAdded) values (26, 36, 22, false, '7/17/2024');
insert into Friends (FriendID, FriendWhoAdded, FriendBeingAdded, isAccepted, DateAdded) values (27, 30, 7, false, '4/4/2024');
insert into Friends (FriendID, FriendWhoAdded, FriendBeingAdded, isAccepted, DateAdded) values (28, 12, 26, false, '12/31/2023');
insert into Friends (FriendID, FriendWhoAdded, FriendBeingAdded, isAccepted, DateAdded) values (29, 13, 17, true, '12/3/2023');
insert into Friends (FriendID, FriendWhoAdded, FriendBeingAdded, isAccepted, DateAdded) values (30, 8, 19, false, '4/26/2024');
insert into Friends (FriendID, FriendWhoAdded, FriendBeingAdded, isAccepted, DateAdded) values (31, 20, 4, false, '8/7/2024');
insert into Friends (FriendID, FriendWhoAdded, FriendBeingAdded, isAccepted, DateAdded) values (32, 18, 21, true, '5/22/2024');
insert into Friends (FriendID, FriendWhoAdded, FriendBeingAdded, isAccepted, DateAdded) values (33, 47, 49, false, '11/7/2023');
insert into Friends (FriendID, FriendWhoAdded, FriendBeingAdded, isAccepted, DateAdded) values (34, 49, 13, false, '7/11/2024');
insert into Friends (FriendID, FriendWhoAdded, FriendBeingAdded, isAccepted, DateAdded) values (35, 19, 20, true, '4/8/2024');
insert into Friends (FriendID, FriendWhoAdded, FriendBeingAdded, isAccepted, DateAdded) values (36, 5, 40, true, '10/31/2023');
insert into Friends (FriendID, FriendWhoAdded, FriendBeingAdded, isAccepted, DateAdded) values (37, 13, 3, true, '9/20/2023');
insert into Friends (FriendID, FriendWhoAdded, FriendBeingAdded, isAccepted, DateAdded) values (38, 41, 9, true, '10/25/2023');
insert into Friends (FriendID, FriendWhoAdded, FriendBeingAdded, isAccepted, DateAdded) values (39, 14, 25, true, '9/25/2023');
insert into Friends (FriendID, FriendWhoAdded, FriendBeingAdded, isAccepted, DateAdded) values (40, 2, 16, false, '10/31/2023');
insert into Friends (FriendID, FriendWhoAdded, FriendBeingAdded, isAccepted, DateAdded) values (41, 47, 20, false, '11/15/2023');
insert into Friends (FriendID, FriendWhoAdded, FriendBeingAdded, isAccepted, DateAdded) values (42, 21, 10, false, '9/10/2023');
insert into Friends (FriendID, FriendWhoAdded, FriendBeingAdded, isAccepted, DateAdded) values (43, 30, 35, true, '1/9/2024');
insert into Friends (FriendID, FriendWhoAdded, FriendBeingAdded, isAccepted, DateAdded) values (44, 8, 10, true, '3/27/2024');
insert into Friends (FriendID, FriendWhoAdded, FriendBeingAdded, isAccepted, DateAdded) values (45, 8, 24, false, '3/14/2024');
insert into Friends (FriendID, FriendWhoAdded, FriendBeingAdded, isAccepted, DateAdded) values (46, 25, 12, false, '9/29/2023');
insert into Friends (FriendID, FriendWhoAdded, FriendBeingAdded, isAccepted, DateAdded) values (47, 31, 19, false, '3/4/2024');
insert into Friends (FriendID, FriendWhoAdded, FriendBeingAdded, isAccepted, DateAdded) values (48, 28, 9, false, '5/19/2024');
insert into Friends (FriendID, FriendWhoAdded, FriendBeingAdded, isAccepted, DateAdded) values (49, 2, 42, true, '8/9/2024');
insert into Friends (FriendID, FriendWhoAdded, FriendBeingAdded, isAccepted, DateAdded) values (50, 34, 50, false, '8/4/2024');

--Insert Groups
insert into Groups (GroupID, GroupName, CreatedBy, DateAdded) values (1, 'Talane', 'Wyn Cowderay', '4/10/2024');
insert into Groups (GroupID, GroupName, CreatedBy, DateAdded) values (2, 'Gigaclub', 'Boris Channing', '9/22/2023');
insert into Groups (GroupID, GroupName, CreatedBy, DateAdded) values (3, 'Bubbletube', 'Marion Stanyforth', '7/31/2024');
insert into Groups (GroupID, GroupName, CreatedBy, DateAdded) values (4, 'Babbleset', 'Lurlene Hague', '11/19/2023');
insert into Groups (GroupID, GroupName, CreatedBy, DateAdded) values (5, 'Twiyo', 'Tori Franchi', '8/13/2024');
insert into Groups (GroupID, GroupName, CreatedBy, DateAdded) values (6, 'Livetube', 'Wilfrid Lawrenz', '8/8/2024');
insert into Groups (GroupID, GroupName, CreatedBy, DateAdded) values (7, 'Roomm', 'Jillene Kochel', '11/14/2023');
insert into Groups (GroupID, GroupName, CreatedBy, DateAdded) values (8, 'Teklist', 'Cornelius Struys', '11/7/2023');
insert into Groups (GroupID, GroupName, CreatedBy, DateAdded) values (9, 'Zoonoodle', 'Kathy Joanic', '3/16/2024');
insert into Groups (GroupID, GroupName, CreatedBy, DateAdded) values (10, 'Feedspan', 'Kiah Fairley', '12/31/2023');
insert into Groups (GroupID, GroupName, CreatedBy, DateAdded) values (11, 'Thoughtblab', 'Harriot Merfin', '3/1/2024');
insert into Groups (GroupID, GroupName, CreatedBy, DateAdded) values (12, 'Kwimbee', 'Heinrik Duligall', '10/2/2023');
insert into Groups (GroupID, GroupName, CreatedBy, DateAdded) values (13, 'Cogidoo', 'Sissie Fortye', '11/6/2023');
insert into Groups (GroupID, GroupName, CreatedBy, DateAdded) values (14, 'Dynabox', 'Flss Masser', '8/22/2024');
insert into Groups (GroupID, GroupName, CreatedBy, DateAdded) values (15, 'Blogtags', 'Elnora Picardo', '8/24/2024');
insert into Groups (GroupID, GroupName, CreatedBy, DateAdded) values (16, 'Ozu', 'Mercy Gilliam', '2/6/2024');
insert into Groups (GroupID, GroupName, CreatedBy, DateAdded) values (17, 'Lajo', 'Amelie Lomansey', '11/5/2023');
insert into Groups (GroupID, GroupName, CreatedBy, DateAdded) values (18, 'Quire', 'Pinchas Losselyong', '3/5/2024');
insert into Groups (GroupID, GroupName, CreatedBy, DateAdded) values (19, 'Roomm', 'Valentijn Tweedie', '3/8/2024');
insert into Groups (GroupID, GroupName, CreatedBy, DateAdded) values (20, 'Avavee', 'Lynna Hastelow', '9/1/2024');
insert into Groups (GroupID, GroupName, CreatedBy, DateAdded) values (21, 'Jabbertype', 'Jammie Perschke', '1/12/2024');
insert into Groups (GroupID, GroupName, CreatedBy, DateAdded) values (22, 'Nlounge', 'Paxon Sargison', '5/30/2024');
insert into Groups (GroupID, GroupName, CreatedBy, DateAdded) values (23, 'Rhycero', 'Ruthann Habgood', '1/24/2024');
insert into Groups (GroupID, GroupName, CreatedBy, DateAdded) values (24, 'Demizz', 'Ulysses Heimann', '3/12/2024');
insert into Groups (GroupID, GroupName, CreatedBy, DateAdded) values (25, 'Yombu', 'Wallace Simco', '4/10/2024');
insert into Groups (GroupID, GroupName, CreatedBy, DateAdded) values (26, 'Kare', 'Idell Stables', '3/25/2024');
insert into Groups (GroupID, GroupName, CreatedBy, DateAdded) values (27, 'DabZ', 'Laurence Duding', '3/26/2024');
insert into Groups (GroupID, GroupName, CreatedBy, DateAdded) values (28, 'Avamba', 'Millisent Russon', '1/31/2024');
insert into Groups (GroupID, GroupName, CreatedBy, DateAdded) values (29, 'Thoughtstorm', 'Tully Cramp', '12/28/2023');
insert into Groups (GroupID, GroupName, CreatedBy, DateAdded) values (30, 'Omba', 'Jamil Middleditch', '8/21/2024');
insert into Groups (GroupID, GroupName, CreatedBy, DateAdded) values (31, 'Centidel', 'Gregg Magowan', '1/22/2024');
insert into Groups (GroupID, GroupName, CreatedBy, DateAdded) values (32, 'Realcube', 'Fernandina Affleck', '5/12/2024');
insert into Groups (GroupID, GroupName, CreatedBy, DateAdded) values (33, 'Edgewire', 'Grove Cortese', '1/22/2024');
insert into Groups (GroupID, GroupName, CreatedBy, DateAdded) values (34, 'Meedoo', 'Felicle Toolan', '2/25/2024');
insert into Groups (GroupID, GroupName, CreatedBy, DateAdded) values (35, 'Trupe', 'Gonzalo Dootson', '8/20/2024');
insert into Groups (GroupID, GroupName, CreatedBy, DateAdded) values (36, 'Dabshots', 'Toni Ashfold', '6/11/2024');
insert into Groups (GroupID, GroupName, CreatedBy, DateAdded) values (37, 'Trudeo', 'Adan Orrobin', '1/24/2024');
insert into Groups (GroupID, GroupName, CreatedBy, DateAdded) values (38, 'Mybuzz', 'Malynda McWaters', '5/23/2024');
insert into Groups (GroupID, GroupName, CreatedBy, DateAdded) values (39, 'Blogpad', 'Lethia Bowfin', '1/12/2024');
insert into Groups (GroupID, GroupName, CreatedBy, DateAdded) values (40, 'Buzzster', 'Elicia Novkovic', '5/15/2024');
insert into Groups (GroupID, GroupName, CreatedBy, DateAdded) values (41, 'Zooveo', 'Alecia Hawksby', '8/8/2024');
insert into Groups (GroupID, GroupName, CreatedBy, DateAdded) values (42, 'Youopia', 'Stacee Blower', '12/6/2023');
insert into Groups (GroupID, GroupName, CreatedBy, DateAdded) values (43, 'Leexo', 'Brigid Proback', '2/2/2024');
insert into Groups (GroupID, GroupName, CreatedBy, DateAdded) values (44, 'Linklinks', 'Giacobo Diter', '12/13/2023');
insert into Groups (GroupID, GroupName, CreatedBy, DateAdded) values (45, 'Fivebridge', 'Josy Sibbson', '1/7/2024');
insert into Groups (GroupID, GroupName, CreatedBy, DateAdded) values (46, 'Eimbee', 'Clim Fritz', '1/27/2024');
insert into Groups (GroupID, GroupName, CreatedBy, DateAdded) values (47, 'Photobean', 'Ronica Fortie', '5/20/2024');
insert into Groups (GroupID, GroupName, CreatedBy, DateAdded) values (48, 'Jamia', 'Kameko Wotton', '4/12/2024');
insert into Groups (GroupID, GroupName, CreatedBy, DateAdded) values (49, 'Riffpedia', 'Jamaal Pitney', '8/2/2024');
insert into Groups (GroupID, GroupName, CreatedBy, DateAdded) values (50, 'Shuffletag', 'Farlie Cobain', '10/13/2023');

--Insert Posts
insert into Posts (PostID, PostDescription, PostedBy, IsPublic, IsOnlyForFriends, GroupID, DatePosted) values (1, 'Insertion of Infusion Device into Brain, Perc Approach', 'hllop0', true, false, 1, '11/17/2023');
insert into Posts (PostID, PostDescription, PostedBy, IsPublic, IsOnlyForFriends, GroupID, DatePosted) values (2, 'Replacement of Left Nipple with Nonaut Sub, Perc Approach', 'ngiacomoni1', false, true, 2, '3/12/2024');
insert into Posts (PostID, PostDescription, PostedBy, IsPublic, IsOnlyForFriends, GroupID, DatePosted) values (3, 'Revision of Synth Sub in R Carpal Jt, Open Approach', 'gjedrych2', true, true, 3, '10/7/2023');
insert into Posts (PostID, PostDescription, PostedBy, IsPublic, IsOnlyForFriends, GroupID, DatePosted) values (4, 'Supplement Aort Valve fr Trunc Vlv w Zooplastic, Perc', 'mchaucer3', false, false, 4, '11/15/2023');
insert into Posts (PostID, PostDescription, PostedBy, IsPublic, IsOnlyForFriends, GroupID, DatePosted) values (5, 'Transfuse Nonaut Frozen Red Cells in Periph Vein, Perc', 'jlorinez4', true, true, 5, '3/1/2024');
insert into Posts (PostID, PostDescription, PostedBy, IsPublic, IsOnlyForFriends, GroupID, DatePosted) values (6, 'Supplement Left Carpal with Nonaut Sub, Perc Approach', 'tswanborough5', false, true, 6, '8/19/2024');
insert into Posts (PostID, PostDescription, PostedBy, IsPublic, IsOnlyForFriends, GroupID, DatePosted) values (7, 'Drainage of Right Vocal Cord, Endo, Diagn', 'eroderick6', true, true, 7, '3/18/2024');
insert into Posts (PostID, PostDescription, PostedBy, IsPublic, IsOnlyForFriends, GroupID, DatePosted) values (8, 'Insert Radioact Elem in Trunk Subcu/Fascia, Open', 'jmckoy7', true, true, 8, '4/3/2024');
insert into Posts (PostID, PostDescription, PostedBy, IsPublic, IsOnlyForFriends, GroupID, DatePosted) values (9, 'Drainage of Pons, Percutaneous Endoscopic Approach', 'prubinlicht8', false, true, 9, '9/25/2023');
insert into Posts (PostID, PostDescription, PostedBy, IsPublic, IsOnlyForFriends, GroupID, DatePosted) values (10, 'Drainage of Right Hepatic Duct, Endo', 'slally9', true, true, 10, '10/23/2023');
insert into Posts (PostID, PostDescription, PostedBy, IsPublic, IsOnlyForFriends, GroupID, DatePosted) values (11, 'Dilate R Hand Art, Bifurc, w 3 Intralum Dev, Perc Endo', 'mbrazenora', true, true, 11, '9/5/2024');
insert into Posts (PostID, PostDescription, PostedBy, IsPublic, IsOnlyForFriends, GroupID, DatePosted) values (12, 'Excision of Right Patella, Perc Endo Approach, Diagn', 'rfeechanb', true, false, 12, '12/17/2023');
insert into Posts (PostID, PostDescription, PostedBy, IsPublic, IsOnlyForFriends, GroupID, DatePosted) values (13, 'Beam Radiation of Inguinal Lymphatics using Electrons', 'ktomaszewskic', false, true, 13, '6/24/2024');
insert into Posts (PostID, PostDescription, PostedBy, IsPublic, IsOnlyForFriends, GroupID, DatePosted) values (14, 'Extirpation of Matter from Left Tympanic Membrane, Endo', 'elindsayd', false, false, 14, '9/15/2023');
insert into Posts (PostID, PostDescription, PostedBy, IsPublic, IsOnlyForFriends, GroupID, DatePosted) values (15, 'Bypass Duodenum to Ileum with Nonaut Sub, Perc Endo Approach', 'clademanne', true, true, 15, '4/12/2024');
insert into Posts (PostID, PostDescription, PostedBy, IsPublic, IsOnlyForFriends, GroupID, DatePosted) values (16, 'Restriction of Urethra with Intraluminal Device, Endo', 'sdraiseyf', true, true, 16, '12/24/2023');
insert into Posts (PostID, PostDescription, PostedBy, IsPublic, IsOnlyForFriends, GroupID, DatePosted) values (17, 'Bypass Transverse Colon to Desc Colon with Nonaut Sub, Endo', 'iverlindeg', true, true, 17, '7/14/2024');
insert into Posts (PostID, PostDescription, PostedBy, IsPublic, IsOnlyForFriends, GroupID, DatePosted) values (18, 'Plain Radiography of Bladder using Low Osmolar Contrast', 'epeersh', true, true, 18, '12/22/2023');
insert into Posts (PostID, PostDescription, PostedBy, IsPublic, IsOnlyForFriends, GroupID, DatePosted) values (19, 'Drainage of Right Hip Joint, Percutaneous Approach, Diagn', 'lridingi', false, true, 19, '2/19/2024');
insert into Posts (PostID, PostDescription, PostedBy, IsPublic, IsOnlyForFriends, GroupID, DatePosted) values (20, 'Excision of Right Frontal Bone, Perc Endo Approach, Diagn', 'fbanbrookj', false, false, 20, '10/19/2023');
insert into Posts (PostID, PostDescription, PostedBy, IsPublic, IsOnlyForFriends, GroupID, DatePosted) values (21, 'Supplement Head Lymphatic with Synth Sub, Perc Endo Approach', 'rmaylottk', true, true, 21, '3/31/2024');
insert into Posts (PostID, PostDescription, PostedBy, IsPublic, IsOnlyForFriends, GroupID, DatePosted) values (22, 'Destruction of Right Shoulder Joint, Open Approach', 'jsoreyl', false, false, 22, '5/2/2024');
insert into Posts (PostID, PostDescription, PostedBy, IsPublic, IsOnlyForFriends, GroupID, DatePosted) values (23, 'Destruction of Left Radial Artery, Percutaneous Approach', 'mbennittm', false, false, 23, '1/10/2024');
insert into Posts (PostID, PostDescription, PostedBy, IsPublic, IsOnlyForFriends, GroupID, DatePosted) values (24, 'Irrigation of Eye using Irrigating Substance', 'dsanbrookn', true, true, 24, '12/27/2023');
insert into Posts (PostID, PostDescription, PostedBy, IsPublic, IsOnlyForFriends, GroupID, DatePosted) values (25, 'Removal of Monitor Dev from Tracheobronc Tree, Open Approach', 'ggreenstedo', false, true, 25, '2/4/2024');
insert into Posts (PostID, PostDescription, PostedBy, IsPublic, IsOnlyForFriends, GroupID, DatePosted) values (26, 'Extirpation of Matter from Bladder Neck, Open Approach', 'jtrewekep', false, true, 26, '2/17/2024');
insert into Posts (PostID, PostDescription, PostedBy, IsPublic, IsOnlyForFriends, GroupID, DatePosted) values (27, 'Compression of Right Upper Extremity using Pressure Dressing', 'lburrasq', false, true, 27, '6/20/2024');
insert into Posts (PostID, PostDescription, PostedBy, IsPublic, IsOnlyForFriends, GroupID, DatePosted) values (28, 'Beam Radiation of Abdomen using Photons 1 - 10 MeV', 'lschoenrockr', false, true, 28, '7/31/2024');
insert into Posts (PostID, PostDescription, PostedBy, IsPublic, IsOnlyForFriends, GroupID, DatePosted) values (29, 'Supplement R Low Leg Tendon w Nonaut Sub, Perc Endo', 'pinces', false, false, 29, '2/11/2024');
insert into Posts (PostID, PostDescription, PostedBy, IsPublic, IsOnlyForFriends, GroupID, DatePosted) values (30, 'Extirpation of Matter from R Ext Auditory Canal, Endo', 'ebingleyt', false, false, 30, '10/12/2023');
insert into Posts (PostID, PostDescription, PostedBy, IsPublic, IsOnlyForFriends, GroupID, DatePosted) values (31, 'Supplement Right Metacarpal with Nonaut Sub, Open Approach', 'lmurru', true, false, 31, '6/28/2024');
insert into Posts (PostID, PostDescription, PostedBy, IsPublic, IsOnlyForFriends, GroupID, DatePosted) values (32, 'Division of Left Trunk Tendon, Perc Endo Approach', 'maidlerv', false, true, 32, '2/25/2024');
insert into Posts (PostID, PostDescription, PostedBy, IsPublic, IsOnlyForFriends, GroupID, DatePosted) values (33, 'Replacement of Mesentery with Synth Sub, Perc Endo Approach', 'dliddallw', false, false, 33, '11/21/2023');
insert into Posts (PostID, PostDescription, PostedBy, IsPublic, IsOnlyForFriends, GroupID, DatePosted) values (34, 'Bypass R Fallopian Tube to Uterus w Autol Sub, Perc Endo', 'bverduinx', true, true, 34, '11/4/2023');
insert into Posts (PostID, PostDescription, PostedBy, IsPublic, IsOnlyForFriends, GroupID, DatePosted) values (35, 'Revision of Infusion Device in Ureter, External Approach', 'jjenky', true, false, 35, '5/7/2024');
insert into Posts (PostID, PostDescription, PostedBy, IsPublic, IsOnlyForFriends, GroupID, DatePosted) values (36, 'Inspection of Thoracic Vertebral Joint, External Approach', 'spigeonz', false, true, 36, '3/10/2024');
insert into Posts (PostID, PostDescription, PostedBy, IsPublic, IsOnlyForFriends, GroupID, DatePosted) values (37, 'Revision of Infusion Device in Penis, Perc Endo Approach', 'jposchel10', true, false, 37, '12/23/2023');
insert into Posts (PostID, PostDescription, PostedBy, IsPublic, IsOnlyForFriends, GroupID, DatePosted) values (38, 'Imaging, Connective Tissue, Magnetic Resonance Imaging (MRI)', 'wwessel11', true, false, 38, '11/12/2023');
insert into Posts (PostID, PostDescription, PostedBy, IsPublic, IsOnlyForFriends, GroupID, DatePosted) values (39, 'Supplement R Inguinal Region w Nonaut Sub, Perc Endo', 'gtomasini12', false, false, 39, '9/21/2023');
insert into Posts (PostID, PostDescription, PostedBy, IsPublic, IsOnlyForFriends, GroupID, DatePosted) values (40, 'Excision of Gastric Vein, Percutaneous Endoscopic Approach', 'mredley13', false, false, 40, '3/17/2024');
insert into Posts (PostID, PostDescription, PostedBy, IsPublic, IsOnlyForFriends, GroupID, DatePosted) values (41, 'Reposition Left Ankle Joint with Ext Fix, Open Approach', 'nlothean14', false, true, 41, '10/19/2023');
insert into Posts (PostID, PostDescription, PostedBy, IsPublic, IsOnlyForFriends, GroupID, DatePosted) values (42, 'Excision of Ascending Colon, Via Opening, Diagn', 'hcousans15', false, true, 42, '4/22/2024');
insert into Posts (PostID, PostDescription, PostedBy, IsPublic, IsOnlyForFriends, GroupID, DatePosted) values (43, 'Supplement Left Vertebral Vein with Synth Sub, Perc Approach', 'pgregson16', true, true, 43, '10/25/2023');
insert into Posts (PostID, PostDescription, PostedBy, IsPublic, IsOnlyForFriends, GroupID, DatePosted) values (44, 'Fragmentation in Duodenum, Open Approach', 'cblackborn17', true, true, 44, '6/5/2024');
insert into Posts (PostID, PostDescription, PostedBy, IsPublic, IsOnlyForFriends, GroupID, DatePosted) values (45, 'Removal of Autologous Tissue Substitute from Left Ear, Endo', 'rclipson18', false, true, 45, '1/4/2024');
insert into Posts (PostID, PostDescription, PostedBy, IsPublic, IsOnlyForFriends, GroupID, DatePosted) values (46, 'Reposition Occipital-cervical Joint, Perc Endo Approach', 'bcharman19', true, true, 46, '12/15/2023');
insert into Posts (PostID, PostDescription, PostedBy, IsPublic, IsOnlyForFriends, GroupID, DatePosted) values (47, 'Reposition Femoral Nerve, Percutaneous Approach', 'cdeniscke1a', true, false, 47, '6/1/2024');
insert into Posts (PostID, PostDescription, PostedBy, IsPublic, IsOnlyForFriends, GroupID, DatePosted) values (48, 'Destruction of R Low Arm & Wrist Muscle, Perc Endo Approach', 'hkynforth1b', false, true, 48, '5/17/2024');
insert into Posts (PostID, PostDescription, PostedBy, IsPublic, IsOnlyForFriends, GroupID, DatePosted) values (49, 'Drainage of Hepatic Vein with Drainage Device, Perc Approach', 'smaryska1c', false, true, 49, '7/28/2024');
insert into Posts (PostID, PostDescription, PostedBy, IsPublic, IsOnlyForFriends, GroupID, DatePosted) values (50, 'Replace R Low Leg Skin w Nonaut Sub, Full Thick, Extern', 'origgott1d', true, true, 50, '12/4/2023');

--Insert GroupMembershipRequests
insert into GroupMembershipRequests (GroupMemberShipRequestsID, GroupID, GroupMemberUserID, IsGroupMemberShipAccepted, DateAccepted) values (1, 1, 1, false, '11/23/2023');
insert into GroupMembershipRequests (GroupMemberShipRequestsID, GroupID, GroupMemberUserID, IsGroupMemberShipAccepted, DateAccepted) values (2, 2, 2, false, '3/14/2024');
insert into GroupMembershipRequests (GroupMemberShipRequestsID, GroupID, GroupMemberUserID, IsGroupMemberShipAccepted, DateAccepted) values (3, 3, 3, false, '2/22/2024');
insert into GroupMembershipRequests (GroupMemberShipRequestsID, GroupID, GroupMemberUserID, IsGroupMemberShipAccepted, DateAccepted) values (4, 4, 4, true, '9/10/2023');
insert into GroupMembershipRequests (GroupMemberShipRequestsID, GroupID, GroupMemberUserID, IsGroupMemberShipAccepted, DateAccepted) values (5, 5, 5, true, '11/9/2023');
insert into GroupMembershipRequests (GroupMemberShipRequestsID, GroupID, GroupMemberUserID, IsGroupMemberShipAccepted, DateAccepted) values (6, 6, 6, false, '8/14/2024');
insert into GroupMembershipRequests (GroupMemberShipRequestsID, GroupID, GroupMemberUserID, IsGroupMemberShipAccepted, DateAccepted) values (7, 7, 7, true, '2/26/2024');
insert into GroupMembershipRequests (GroupMemberShipRequestsID, GroupID, GroupMemberUserID, IsGroupMemberShipAccepted, DateAccepted) values (8, 8, 8, false, '3/31/2024');
insert into GroupMembershipRequests (GroupMemberShipRequestsID, GroupID, GroupMemberUserID, IsGroupMemberShipAccepted, DateAccepted) values (9, 9, 9, false, '1/2/2024');
insert into GroupMembershipRequests (GroupMemberShipRequestsID, GroupID, GroupMemberUserID, IsGroupMemberShipAccepted, DateAccepted) values (10, 10, 10, false, '12/5/2023');
insert into GroupMembershipRequests (GroupMemberShipRequestsID, GroupID, GroupMemberUserID, IsGroupMemberShipAccepted, DateAccepted) values (11, 11, 11, true, '9/4/2024');
insert into GroupMembershipRequests (GroupMemberShipRequestsID, GroupID, GroupMemberUserID, IsGroupMemberShipAccepted, DateAccepted) values (12, 12, 12, true, '11/19/2023');
insert into GroupMembershipRequests (GroupMemberShipRequestsID, GroupID, GroupMemberUserID, IsGroupMemberShipAccepted, DateAccepted) values (13, 13, 13, false, '11/16/2023');
insert into GroupMembershipRequests (GroupMemberShipRequestsID, GroupID, GroupMemberUserID, IsGroupMemberShipAccepted, DateAccepted) values (14, 14, 14, true, '9/1/2024');
insert into GroupMembershipRequests (GroupMemberShipRequestsID, GroupID, GroupMemberUserID, IsGroupMemberShipAccepted, DateAccepted) values (15, 15, 15, true, '4/6/2024');
insert into GroupMembershipRequests (GroupMemberShipRequestsID, GroupID, GroupMemberUserID, IsGroupMemberShipAccepted, DateAccepted) values (16, 16, 16, false, '2/29/2024');
insert into GroupMembershipRequests (GroupMemberShipRequestsID, GroupID, GroupMemberUserID, IsGroupMemberShipAccepted, DateAccepted) values (17, 17, 17, false, '9/29/2023');
insert into GroupMembershipRequests (GroupMemberShipRequestsID, GroupID, GroupMemberUserID, IsGroupMemberShipAccepted, DateAccepted) values (18, 18, 18, true, '1/31/2024');
insert into GroupMembershipRequests (GroupMemberShipRequestsID, GroupID, GroupMemberUserID, IsGroupMemberShipAccepted, DateAccepted) values (19, 19, 19, true, '11/13/2023');
insert into GroupMembershipRequests (GroupMemberShipRequestsID, GroupID, GroupMemberUserID, IsGroupMemberShipAccepted, DateAccepted) values (20, 20, 20, false, '12/22/2023');
insert into GroupMembershipRequests (GroupMemberShipRequestsID, GroupID, GroupMemberUserID, IsGroupMemberShipAccepted, DateAccepted) values (21, 21, 21, false, '2/29/2024');
insert into GroupMembershipRequests (GroupMemberShipRequestsID, GroupID, GroupMemberUserID, IsGroupMemberShipAccepted, DateAccepted) values (22, 22, 22, false, '10/8/2023');
insert into GroupMembershipRequests (GroupMemberShipRequestsID, GroupID, GroupMemberUserID, IsGroupMemberShipAccepted, DateAccepted) values (23, 23, 23, true, '1/19/2024');
insert into GroupMembershipRequests (GroupMemberShipRequestsID, GroupID, GroupMemberUserID, IsGroupMemberShipAccepted, DateAccepted) values (24, 24, 24, false, '7/3/2024');
insert into GroupMembershipRequests (GroupMemberShipRequestsID, GroupID, GroupMemberUserID, IsGroupMemberShipAccepted, DateAccepted) values (25, 25, 25, false, '6/27/2024');
insert into GroupMembershipRequests (GroupMemberShipRequestsID, GroupID, GroupMemberUserID, IsGroupMemberShipAccepted, DateAccepted) values (26, 26, 26, false, '10/21/2023');
insert into GroupMembershipRequests (GroupMemberShipRequestsID, GroupID, GroupMemberUserID, IsGroupMemberShipAccepted, DateAccepted) values (27, 27, 27, false, '11/26/2023');
insert into GroupMembershipRequests (GroupMemberShipRequestsID, GroupID, GroupMemberUserID, IsGroupMemberShipAccepted, DateAccepted) values (28, 28, 28, true, '6/22/2024');
insert into GroupMembershipRequests (GroupMemberShipRequestsID, GroupID, GroupMemberUserID, IsGroupMemberShipAccepted, DateAccepted) values (29, 29, 29, true, '8/8/2024');
insert into GroupMembershipRequests (GroupMemberShipRequestsID, GroupID, GroupMemberUserID, IsGroupMemberShipAccepted, DateAccepted) values (30, 30, 30, true, '1/30/2024');
insert into GroupMembershipRequests (GroupMemberShipRequestsID, GroupID, GroupMemberUserID, IsGroupMemberShipAccepted, DateAccepted) values (31, 31, 31, false, '11/20/2023');
insert into GroupMembershipRequests (GroupMemberShipRequestsID, GroupID, GroupMemberUserID, IsGroupMemberShipAccepted, DateAccepted) values (32, 32, 32, true, '10/6/2023');
insert into GroupMembershipRequests (GroupMemberShipRequestsID, GroupID, GroupMemberUserID, IsGroupMemberShipAccepted, DateAccepted) values (33, 33, 33, true, '1/17/2024');
insert into GroupMembershipRequests (GroupMemberShipRequestsID, GroupID, GroupMemberUserID, IsGroupMemberShipAccepted, DateAccepted) values (34, 34, 34, false, '2/1/2024');
insert into GroupMembershipRequests (GroupMemberShipRequestsID, GroupID, GroupMemberUserID, IsGroupMemberShipAccepted, DateAccepted) values (35, 35, 35, false, '2/1/2024');
insert into GroupMembershipRequests (GroupMemberShipRequestsID, GroupID, GroupMemberUserID, IsGroupMemberShipAccepted, DateAccepted) values (36, 36, 36, true, '10/23/2023');
insert into GroupMembershipRequests (GroupMemberShipRequestsID, GroupID, GroupMemberUserID, IsGroupMemberShipAccepted, DateAccepted) values (37, 37, 37, false, '4/17/2024');
insert into GroupMembershipRequests (GroupMemberShipRequestsID, GroupID, GroupMemberUserID, IsGroupMemberShipAccepted, DateAccepted) values (38, 38, 38, false, '4/29/2024');
insert into GroupMembershipRequests (GroupMemberShipRequestsID, GroupID, GroupMemberUserID, IsGroupMemberShipAccepted, DateAccepted) values (39, 39, 39, false, '3/16/2024');
insert into GroupMembershipRequests (GroupMemberShipRequestsID, GroupID, GroupMemberUserID, IsGroupMemberShipAccepted, DateAccepted) values (40, 40, 40, false, '12/23/2023');
insert into GroupMembershipRequests (GroupMemberShipRequestsID, GroupID, GroupMemberUserID, IsGroupMemberShipAccepted, DateAccepted) values (41, 41, 41, true, '3/30/2024');
insert into GroupMembershipRequests (GroupMemberShipRequestsID, GroupID, GroupMemberUserID, IsGroupMemberShipAccepted, DateAccepted) values (42, 42, 42, false, '3/21/2024');
insert into GroupMembershipRequests (GroupMemberShipRequestsID, GroupID, GroupMemberUserID, IsGroupMemberShipAccepted, DateAccepted) values (43, 43, 43, false, '3/15/2024');
insert into GroupMembershipRequests (GroupMemberShipRequestsID, GroupID, GroupMemberUserID, IsGroupMemberShipAccepted, DateAccepted) values (44, 44, 44, true, '4/27/2024');
insert into GroupMembershipRequests (GroupMemberShipRequestsID, GroupID, GroupMemberUserID, IsGroupMemberShipAccepted, DateAccepted) values (45, 45, 45, true, '6/8/2024');
insert into GroupMembershipRequests (GroupMemberShipRequestsID, GroupID, GroupMemberUserID, IsGroupMemberShipAccepted, DateAccepted) values (46, 46, 46, true, '12/14/2023');
insert into GroupMembershipRequests (GroupMemberShipRequestsID, GroupID, GroupMemberUserID, IsGroupMemberShipAccepted, DateAccepted) values (47, 47, 47, true, '12/6/2023');
insert into GroupMembershipRequests (GroupMemberShipRequestsID, GroupID, GroupMemberUserID, IsGroupMemberShipAccepted, DateAccepted) values (48, 48, 48, true, '1/12/2024');
insert into GroupMembershipRequests (GroupMemberShipRequestsID, GroupID, GroupMemberUserID, IsGroupMemberShipAccepted, DateAccepted) values (49, 49, 49, true, '10/23/2023');
insert into GroupMembershipRequests (GroupMemberShipRequestsID, GroupID, GroupMemberUserID, IsGroupMemberShipAccepted, DateAccepted) values (50, 50, 50, true, '7/9/2024');
